,City,Lat,Lng,Max Temp,Humidity,Cloudiness,Wind Speed,Country,City Description
0,Mataura,-46.1927,168.8643,43.88,90,99,14.76,NZ,overcast clouds
1,Ushuaia,-54.8,-68.3,44.26,70,75,5.75,AR,broken clouds
2,Esperance,-33.8667,121.9,67.15,59,14,6.04,AU,few clouds
3,Imbituba,-28.24,-48.6703,59.86,98,4,3.49,BR,clear sky
4,Russell,32.3502,-85.1999,78.03,83,0,0.0,US,clear sky
5,Hobart,-42.8794,147.3294,52.27,80,20,10.36,AU,few clouds
6,Poum,-20.2333,164.0167,78.12,81,2,7.16,NC,clear sky
7,Pevek,69.7008,170.3133,33.31,99,83,5.39,RU,broken clouds
8,Bluff,-46.6,168.3333,46.9,76,98,35.81,NZ,overcast clouds
9,Maple Creek,49.9168,-109.4848,46.45,42,100,9.22,CA,overcast clouds
10,Busselton,-33.65,115.3333,64.51,61,2,10.18,AU,clear sky
11,Rikitea,-23.1203,-134.9692,74.1,77,9,7.78,PF,light rain
12,Kapaa,22.0752,-159.319,80.58,89,75,14.97,US,broken clouds
13,New Norfolk,-42.7826,147.0587,51.93,61,10,1.57,AU,clear sky
14,Saint-Pierre,-21.3393,55.4781,69.91,73,0,5.75,RE,clear sky
15,Talnakh,69.4865,88.3972,43.21,83,92,8.61,RU,overcast clouds
16,Avarua,-21.2078,-159.775,82.45,65,40,8.05,CK,scattered clouds
17,Port Alfred,-33.5906,26.891,61.18,71,100,4.74,ZA,light rain
18,Asbe Teferi,9.0833,40.8667,60.17,80,100,6.98,ET,overcast clouds
19,Fukuma,33.7667,130.4667,75.29,55,76,9.44,JP,broken clouds
20,Vaini,-21.2,-175.2,80.76,74,20,9.22,TO,few clouds
21,Naryan-Mar,67.6713,53.087,28.11,83,100,12.15,RU,overcast clouds
22,Harper,4.375,-7.7169,77.72,86,100,6.76,LR,light rain
23,Airai,-8.9266,125.4092,72.9,50,83,5.75,TL,broken clouds
24,Yatou,37.15,122.3833,76.23,47,0,9.28,CN,clear sky
25,Guerrero Negro,27.9769,-114.0611,65.08,72,0,15.21,MX,clear sky
26,Khatanga,71.9667,102.5,40.03,76,100,12.48,RU,overcast clouds
27,Severo-Kurilsk,50.6789,156.125,43.88,86,100,15.39,RU,overcast clouds
28,Fukue,32.6881,128.8419,71.96,64,40,14.97,JP,scattered clouds
29,Pasni,25.2631,63.471,82.17,89,1,11.72,PK,clear sky
30,Dikson,73.5069,80.5464,28.53,88,97,6.62,RU,overcast clouds
31,Asau,46.4333,26.4,47.32,76,7,6.98,RO,clear sky
32,Pisco,-13.7,-76.2167,65.01,82,49,16.11,PE,mist
33,Broome,42.2506,-75.833,68.85,84,75,9.22,US,broken clouds
34,Lenoir City,35.7973,-84.256,81.09,65,45,5.82,US,scattered clouds
35,Albany,42.6001,-73.9662,68.18,81,100,3.0,US,overcast clouds
36,Mar Del Plata,-38.0023,-57.5575,52.95,78,0,8.05,AR,clear sky
37,Kieta,-6.2167,155.6333,84.18,70,11,5.75,PG,light rain
38,Alice Springs,-23.7,133.8833,62.15,48,82,5.75,AU,broken clouds
39,Binzhou,37.3667,118.0167,87.17,24,0,13.44,CN,clear sky
40,Qaanaaq,77.484,-69.3632,12.43,88,95,4.61,GL,overcast clouds
41,Saint George,37.1041,-113.5841,70.39,11,0,20.71,US,clear sky
42,Longyearbyen,78.2186,15.6401,33.64,80,75,5.75,SJ,light snow
43,Castro,-24.7911,-50.0119,43.16,86,0,2.68,BR,clear sky
44,Butaritari,3.0707,172.7902,81.34,73,62,13.56,KI,broken clouds
45,Dingle,10.9995,122.6711,81.5,76,98,5.01,PH,overcast clouds
46,Nouadhibou,20.931,-17.0347,66.18,88,4,18.41,MR,clear sky
47,Hilo,19.7297,-155.09,82.27,69,75,9.22,US,broken clouds
48,Englehart,47.8169,-79.8664,66.76,94,100,12.66,CA,overcast clouds
49,Hvolsvollur,63.7533,-20.2243,47.52,80,99,6.26,IS,overcast clouds
50,Haines Junction,60.7522,-137.5108,64.35,24,56,2.3,CA,broken clouds
51,Fort Nelson,58.8053,-122.7002,60.39,17,40,4.61,CA,scattered clouds
52,Cape Town,-33.9258,18.4232,54.27,87,75,5.75,ZA,broken clouds
53,Ambovombe,-25.1667,46.0833,65.17,62,14,6.76,MG,few clouds
54,Hermanus,-34.4187,19.2345,56.55,74,46,4.83,ZA,scattered clouds
55,Punta Arenas,-53.15,-70.9167,42.12,93,100,5.14,CL,light rain
56,Champerico,14.3,-91.9167,82.87,73,100,5.08,GT,overcast clouds
57,Barrow,71.2906,-156.7887,30.22,93,100,12.66,US,overcast clouds
58,Havre-Saint-Pierre,50.2334,-63.5986,50.36,57,100,6.91,CA,overcast clouds
59,Yulara,-25.2406,130.9889,65.89,42,88,11.5,AU,overcast clouds
60,Kahului,20.8947,-156.47,89.62,51,40,16.11,US,scattered clouds
61,Buchanan,5.8808,-10.0467,76.55,91,100,5.93,LR,light rain
62,Sibolga,1.7427,98.7792,82.78,75,95,0.38,ID,overcast clouds
63,Cintalapa,16.6951,-93.7272,74.05,68,19,5.86,MX,few clouds
64,Ketchikan,55.3422,-131.6461,62.58,47,17,4.45,US,few clouds
65,Tongzi,28.7829,105.0877,67.77,85,100,1.88,CN,overcast clouds
66,Vila Franca Do Campo,37.7167,-25.4333,66.2,87,100,4.07,PT,overcast clouds
67,Mayo,38.8876,-76.5119,86.18,79,0,6.91,US,clear sky
68,Codrington,-38.2667,141.9667,57.65,60,5,7.45,AU,clear sky
69,Prata,-19.3072,-48.9242,51.28,57,0,4.27,BR,clear sky
70,Bredasdorp,-34.5322,20.0403,50.04,83,13,6.29,ZA,few clouds
71,Jamestown,42.097,-79.2353,74.79,86,0,13.8,US,clear sky
72,Sao Francisco De Paula,-29.4481,-50.5836,43.05,91,3,4.16,BR,clear sky
73,Maiduguri,11.8464,13.1603,85.05,20,56,2.3,NG,broken clouds
74,Halifax,44.6453,-63.5724,48.52,87,40,6.91,CA,scattered clouds
75,Yeniseysk,58.4497,92.1703,56.55,72,100,10.65,RU,light rain
76,Yellowknife,62.456,-114.3525,57.72,26,75,11.5,CA,broken clouds
77,Tuatapere,-46.1333,167.6833,46.76,81,98,21.25,NZ,overcast clouds
78,Dongsheng,39.8161,109.9776,73.81,24,54,12.08,CN,broken clouds
79,Nanortalik,60.1432,-45.2371,37.04,84,18,4.99,GL,few clouds
80,Karratha,-20.7377,116.8463,80.74,59,2,5.48,AU,clear sky
81,Spiridonovka,53.0925,50.6462,38.3,87,16,13.4,RU,few clouds
82,Bubaque,11.2833,-15.8333,78.39,79,48,12.95,GW,scattered clouds
83,Victoria,22.2855,114.1577,84.04,78,46,4.0,HK,scattered clouds
84,Tawang,27.5833,91.8667,55.27,74,62,3.4,IN,broken clouds
85,Ayan,56.45,138.1667,31.77,97,100,13.62,RU,snow
86,Nynashamn,58.9034,17.9479,44.11,90,79,13.24,SE,broken clouds
87,Paipa,5.7801,-73.1171,51.55,94,100,2.75,CO,overcast clouds
88,Kavieng,-2.5744,150.7967,84.78,71,36,12.24,PG,scattered clouds
89,Touros,-5.1989,-35.4608,77.63,87,86,6.04,BR,overcast clouds
90,Zhigansk,66.7697,123.3711,40.91,73,5,5.39,RU,clear sky
91,Kikwit,-5.041,18.8162,70.18,97,90,1.25,CD,overcast clouds
92,Caravelas,-17.7125,-39.2481,69.69,68,0,7.02,BR,clear sky
93,East London,-33.0153,27.9116,61.52,70,100,8.57,ZA,overcast clouds
94,Katsuura,35.1333,140.3,65.39,78,100,12.19,JP,light rain
95,Tuktoyaktuk,69.4541,-133.0374,35.6,80,75,11.5,CA,broken clouds
96,La Ronge,55.1001,-105.2842,50.25,18,75,17.27,CA,broken clouds
97,Tahoua,14.8888,5.2692,86.05,31,75,8.1,NE,broken clouds
98,Langres,47.8333,5.3333,47.19,98,60,1.88,FR,broken clouds
99,Aklavik,68.2191,-135.0107,44.26,77,87,10.51,CA,overcast clouds
100,Honggang,46.4667,124.8667,72.34,30,90,9.35,CN,overcast clouds
101,Norman Wells,65.282,-126.8329,62.64,25,75,8.05,CA,broken clouds
102,Nampula,-15.1165,39.2666,67.95,94,0,5.75,MZ,clear sky
103,Lindi,-10.0,39.7167,67.84,98,34,5.03,TZ,scattered clouds
104,Puerto Ayora,-0.7393,-90.3518,72.55,96,4,3.0,EC,clear sky
105,Arica,-18.475,-70.3042,64.63,72,100,4.61,CL,overcast clouds
106,Tiznit,29.5833,-9.5,66.52,74,38,1.86,MA,scattered clouds
107,Kyotera,-0.6156,31.5175,62.67,85,100,1.16,UG,overcast clouds
108,Turukhansk,65.8167,87.9833,53.73,66,52,10.07,RU,broken clouds
109,Rafaela,-31.2503,-61.4867,54.99,53,0,1.99,AR,clear sky
110,Noumea,-22.2763,166.4572,82.38,99,100,17.49,NC,overcast clouds
111,Goderich,43.7501,-81.7165,57.88,95,93,18.77,CA,overcast clouds
112,Tocopilla,-22.092,-70.1979,64.74,70,74,2.24,CL,broken clouds
113,Bethel,41.3712,-73.414,64.49,91,100,3.44,US,heavy intensity rain
114,Kununurra,-15.7667,128.7333,87.78,33,0,12.66,AU,clear sky
115,Acapulco,16.8634,-99.8901,79.54,66,95,8.95,MX,overcast clouds
116,Lancaster,40.2504,-76.2499,73.26,94,100,1.01,US,overcast clouds
117,Tasiilaq,65.6145,-37.6368,29.53,81,0,5.95,GL,clear sky
118,Saskylakh,71.9167,114.0833,32.34,96,97,7.87,RU,overcast clouds
119,Kodiak,57.79,-152.4072,45.91,81,100,19.57,US,overcast clouds
120,Atuona,-9.8,-139.0333,77.65,66,0,7.74,PF,clear sky
121,Shimoda,34.6667,138.95,70.16,85,100,4.68,JP,overcast clouds
122,Lompoc,34.6391,-120.4579,68.14,66,0,13.8,US,clear sky
123,Jinchang,38.4953,102.1739,74.75,20,100,2.37,CN,overcast clouds
124,Wuwei,37.9281,102.6414,75.06,21,100,3.76,CN,overcast clouds
125,Sibu,2.3,111.8167,79.11,83,40,2.3,MY,scattered clouds
126,Show Low,34.2542,-110.0298,68.61,19,0,24.16,US,clear sky
127,Kirakira,-10.4544,161.9205,84.45,71,67,6.6,SB,broken clouds
128,Hobyo,5.3505,48.5268,78.8,83,90,21.97,SO,overcast clouds
129,Freeport,40.6576,-73.5832,66.18,86,100,6.91,US,mist
130,Plettenberg Bay,-34.0527,23.3716,55.81,81,83,7.05,ZA,broken clouds
131,Bengbu,32.9408,117.3608,81.21,35,11,4.94,CN,few clouds
132,Hirara,24.8,125.2833,78.66,73,75,14.97,JP,broken clouds
133,Alofi,-19.0595,-169.9187,76.89,94,28,6.91,NU,scattered clouds
134,Nantucket,41.2835,-70.0995,54.01,94,63,15.3,US,broken clouds
135,Vao,-22.6667,167.4833,73.76,88,100,29.04,NC,overcast clouds
136,Olinda,-8.0089,-34.8553,76.73,83,75,4.61,BR,broken clouds
137,Belmonte,-15.8631,-38.8828,69.93,65,13,6.26,BR,few clouds
138,Andenes,69.3143,16.1194,46.38,87,100,6.91,NO,drizzle
139,Luderitz,-26.6481,15.1594,50.5,72,0,10.8,NA,clear sky
140,Zafra,38.4167,-6.4167,74.39,28,100,11.21,ES,overcast clouds
141,Manakara,-22.1333,48.0167,66.45,82,48,3.76,MG,scattered clouds
142,Riyadh,24.6877,46.7219,86.14,12,0,7.43,SA,clear sky
143,Havoysund,70.9963,24.6622,41.23,92,100,9.42,NO,overcast clouds
144,Kavaratti,10.5669,72.642,83.52,76,63,15.1,IN,broken clouds
145,Biak,-0.9131,122.8766,78.6,85,97,7.76,ID,overcast clouds
146,Port Blair,11.6667,92.75,82.44,89,100,11.5,IN,mist
147,Kaitangata,-46.2817,169.8464,45.09,84,99,21.36,NZ,overcast clouds
148,Ribeira Grande,38.5167,-28.7,64.0,97,100,8.95,PT,overcast clouds
149,Bereda,43.2686,-7.5406,57.58,97,94,4.61,ES,overcast clouds
150,Warrnambool,-38.3833,142.4833,59.81,65,2,6.08,AU,clear sky
151,Walvis Bay,-22.9575,14.5053,49.15,76,0,3.44,NA,clear sky
152,Egvekinot,66.3167,-179.1667,45.55,56,32,3.6,RU,scattered clouds
153,Beringovskiy,63.05,179.3167,34.84,87,100,6.55,RU,overcast clouds
154,Keuruu,62.2667,24.7,40.8,78,4,3.24,FI,clear sky
155,Xiaoweizhai,26.1903,107.5125,67.59,76,96,2.84,CN,overcast clouds
156,Lebu,-37.6167,-73.65,50.32,91,33,6.6,CL,scattered clouds
157,Bull Savanna,17.8868,-77.5902,74.84,81,78,13.44,JM,broken clouds
158,Pascagoula,30.3658,-88.5561,82.45,89,0,11.16,US,clear sky
159,Mehamn,71.0357,27.8492,39.11,89,100,12.17,NO,overcast clouds
160,San Patricio,28.017,-97.5169,83.53,78,1,26.33,US,clear sky
161,Hailin,44.5833,129.4167,73.87,41,6,5.39,CN,clear sky
162,Faanui,-16.4833,-151.75,80.62,70,18,7.02,PF,few clouds
163,Hithadhoo,-0.6,73.0833,82.83,72,20,9.48,MV,few clouds
164,Lagoa,39.05,-27.9833,62.04,97,100,12.73,PT,overcast clouds
165,Port-Gentil,-0.7193,8.7815,78.28,83,100,13.04,GA,overcast clouds
166,Aninoasa,44.9667,25.4333,54.73,99,5,4.68,RO,clear sky
167,Mount Gambier,-37.8333,140.7667,57.43,55,5,7.0,AU,clear sky
168,Renqiu,38.6989,116.0936,86.72,25,0,10.56,CN,clear sky
169,Cap-Aux-Meules,47.3821,-61.8597,50.05,53,20,6.91,CA,few clouds
170,Mmabatho,-25.85,25.6333,40.96,93,29,4.61,ZA,scattered clouds
171,Alta Floresta,-9.8756,-56.0861,64.89,67,87,2.08,BR,overcast clouds
172,Deputatskiy,69.3,139.9,31.5,100,100,1.45,RU,overcast clouds
173,Port Elizabeth,-33.918,25.5701,56.32,99,100,4.61,ZA,light rain
174,Skjervoy,70.0311,20.9714,42.8,68,37,8.21,NO,scattered clouds
175,Gamba,-2.65,10.0,75.16,89,89,5.1,GA,overcast clouds
176,Nador,35.174,-2.9287,69.87,88,75,3.44,MA,broken clouds
177,Aksarka,66.5606,67.7975,30.65,87,100,22.5,RU,overcast clouds
178,Narsaq,60.9167,-46.05,39.38,74,8,1.34,GL,clear sky
179,Provideniya,64.3833,-173.3,48.72,55,84,9.06,RU,broken clouds
180,Cabra,37.4725,-4.4421,74.84,29,100,4.65,ES,overcast clouds
181,Sebeta,8.9167,38.6167,57.97,37,64,2.95,ET,broken clouds
182,Srednekolymsk,67.45,153.6833,59.02,35,71,8.93,RU,broken clouds
183,Weihai,37.5017,122.1136,71.37,53,0,8.66,CN,clear sky
184,Ribeira Brava,32.65,-17.0667,65.71,84,0,3.0,PT,clear sky
185,Banjar,-8.19,114.9675,84.65,71,57,2.93,ID,broken clouds
186,Nobres,-14.7203,-56.3275,56.57,52,33,0.72,BR,scattered clouds
187,Kysyl-Syr,63.8986,122.7617,56.46,32,91,1.77,RU,overcast clouds
188,Mathathane,-22.2687,28.7495,62.02,80,100,13.27,BW,light rain
189,Kushima,31.4583,131.2333,63.16,94,100,15.12,JP,overcast clouds
190,Vestmannaeyjar,63.4427,-20.2734,49.6,80,95,10.6,IS,overcast clouds
191,Nizhniy Kuranakh,58.8353,125.4869,49.03,73,50,2.57,RU,light rain
192,Khandyga,62.6667,135.6,53.98,41,41,4.52,RU,scattered clouds
193,Mahon,39.8885,4.2658,64.96,82,0,5.75,ES,clear sky
194,Sorong,-0.8833,131.25,86.58,60,30,5.59,ID,scattered clouds
195,Chester,40.1254,-75.8749,73.92,95,0,1.99,US,clear sky
196,Cap Malheureux,-19.9842,57.6142,75.47,74,48,5.01,MU,scattered clouds
197,Inta,66.0317,60.1659,32.04,73,100,12.86,RU,overcast clouds
198,Carnarvon,-24.8667,113.6333,72.23,49,1,5.95,AU,clear sky
199,Souillac,-20.5167,57.5167,73.78,88,40,11.5,MU,light rain
200,Toora-Khem,52.4675,96.11,60.19,57,6,4.5,RU,clear sky
201,Umm Lajj,25.0213,37.2685,82.13,52,0,8.03,SA,clear sky
202,Sisimiut,66.9395,-53.6735,37.02,60,100,2.89,GL,overcast clouds
203,Fairview,40.8126,-73.999,65.55,91,100,8.99,US,mist
204,Tarauaca,-8.1614,-70.7656,69.71,84,100,1.66,BR,overcast clouds
205,Tecoanapa,16.5167,-98.75,79.97,65,58,7.11,MX,broken clouds
206,Najran,17.4924,44.1277,72.25,16,53,2.57,SA,broken clouds
207,Iqaluit,63.7506,-68.5145,29.93,86,100,8.05,CA,overcast clouds
208,Kutum,14.2,24.6667,75.76,15,1,14.14,SD,clear sky
209,Coffs Harbour,-30.3,153.1333,60.76,94,75,11.5,AU,heavy intensity shower rain
210,Ostuni,40.7276,17.5764,64.96,37,24,6.96,IT,few clouds
211,Hasaki,35.7333,140.8333,70.2,68,100,12.06,JP,overcast clouds
212,Bodaybo,57.8506,114.1933,56.41,63,100,1.72,RU,overcast clouds
213,Stromness,58.965,-3.296,50.88,86,89,10.0,GB,overcast clouds
214,Mount Isa,-20.7333,139.5,78.57,47,0,13.8,AU,clear sky
215,Saint-Philippe,-21.3585,55.7679,69.39,83,36,10.47,RE,light rain
216,Sobolevo,54.4299,31.8996,46.74,95,100,12.06,RU,overcast clouds
217,Bandarbeyla,9.4942,50.8122,80.87,77,95,20.92,SO,overcast clouds
218,Oranjemund,-28.55,16.4333,51.1,87,7,3.24,NA,clear sky
219,Gusinoye Ozero,51.1144,106.2614,72.59,36,99,3.4,RU,overcast clouds
220,Salalah,17.0151,54.0924,77.9,87,99,4.14,OM,overcast clouds
221,Palmer,42.1584,-72.3287,64.78,78,100,4.97,US,overcast clouds
222,Namatanai,-3.6667,152.4333,85.12,66,34,6.26,PG,scattered clouds
223,Taseyevo,57.2169,94.8978,69.31,33,88,13.47,RU,overcast clouds
224,Benicarlo,40.4165,0.4271,72.9,64,9,7.56,ES,clear sky
225,Victor Harbor,-35.5667,138.6167,53.01,80,17,9.93,AU,few clouds
226,Tara,56.8944,74.371,47.64,67,100,7.96,RU,overcast clouds
227,Benghazi,32.1167,20.0667,64.81,70,0,12.62,LY,clear sky
228,Borazjan,29.2666,51.2159,90.39,14,0,5.64,IR,clear sky
229,Lapua,62.9693,23.0088,41.22,69,17,4.61,FI,few clouds
230,Port Macquarie,-31.4333,152.9167,65.89,76,100,9.44,AU,light rain
231,Meulaboh,4.1363,96.1285,81.57,76,100,2.44,ID,overcast clouds
232,Cabo San Lucas,22.8909,-109.9124,77.61,64,0,7.0,MX,clear sky
233,Klaksvik,62.2266,-6.589,49.12,96,100,13.47,FO,overcast clouds
234,Kaspiyskiy,45.3929,47.3707,53.33,81,14,18.28,RU,few clouds
235,Shieli,44.1667,66.75,77.16,24,29,5.32,KZ,scattered clouds
236,Pareora,-44.4871,171.2132,61.18,21,0,4.72,NZ,clear sky
237,Ewa Beach,21.3156,-158.0072,82.44,73,100,8.01,US,light rain
238,Arraial Do Cabo,-22.9661,-42.0278,67.87,75,46,10.29,BR,scattered clouds
239,Padang,-0.9492,100.3543,80.65,70,98,2.06,ID,overcast clouds
240,Fortuna,40.5982,-124.1573,60.85,72,0,16.11,US,clear sky
241,Breytovo,58.2993,37.8617,35.94,84,21,5.97,RU,few clouds
242,Antofagasta,-23.65,-70.4,58.28,74,94,4.5,CL,overcast clouds
243,Husavik,66.0449,-17.3389,48.38,76,67,1.23,IS,broken clouds
244,Coquimbo,-29.9533,-71.3436,58.73,88,0,2.3,CL,clear sky
245,Vagur,61.4732,-6.8119,48.18,90,100,11.32,FO,light rain
246,Lakatoro,-16.0999,167.4164,82.38,76,5,6.13,VU,clear sky
247,La Crosse,43.8014,-91.2396,63.16,80,9,4.36,US,clear sky
248,Wanning,18.8003,110.3967,83.1,74,100,3.13,CN,overcast clouds
249,Tiksi,71.6872,128.8694,32.4,89,100,5.41,RU,overcast clouds
250,Porto Novo,6.4965,2.6036,82.22,85,100,7.29,BJ,light rain
251,Mareeba,-17.0,145.4333,79.66,72,42,4.29,AU,scattered clouds
252,Tezu,27.9167,96.1667,71.51,92,99,1.1,IN,overcast clouds
253,Chuy,-33.6971,-53.4616,48.38,86,32,6.17,UY,scattered clouds
254,Southbridge,42.0751,-72.0334,63.63,92,100,1.99,US,overcast clouds
255,Hamilton,39.1834,-84.5333,81.55,65,0,1.99,US,clear sky
256,Batagay-Alyta,67.8006,130.4114,33.4,84,92,3.85,RU,overcast clouds
257,Broken Hill,-31.95,141.4333,60.28,69,80,14.76,AU,broken clouds
258,Manubul,5.4732,120.7986,83.88,70,100,5.95,PH,overcast clouds
259,Tabuk,17.4189,121.4443,84.15,67,96,3.98,PH,overcast clouds
260,Nelson Bay,-32.7167,152.15,62.1,98,98,3.0,AU,light rain
261,Boa Vista,2.8197,-60.6733,76.98,83,40,6.91,BR,scattered clouds
262,Nemuro,43.3236,145.575,49.93,85,10,10.22,JP,clear sky
263,Leningradskiy,69.3833,178.4167,33.21,97,87,9.98,RU,overcast clouds
264,Katima Mulilo,-17.5,24.2667,63.32,41,55,11.68,NA,broken clouds
265,Yar-Sale,66.8333,70.8333,31.71,92,100,20.07,RU,light snow
266,Doha,25.2867,51.5333,94.98,18,0,13.8,QA,clear sky
267,Kendari,-3.945,122.4989,86.25,63,91,2.17,ID,overcast clouds
268,Maceio,-9.6658,-35.7353,74.64,88,75,4.61,BR,broken clouds
269,Ponta Do Sol,32.6667,-17.1,65.71,82,0,3.71,PT,clear sky
270,Nikolskoye,59.7035,30.7861,40.89,77,83,5.08,RU,broken clouds
271,Vrangel,42.7297,133.0839,56.52,75,61,9.71,RU,broken clouds
272,Kenai,60.5544,-151.2583,50.58,62,97,7.76,US,overcast clouds
273,Vila,42.0304,-8.1588,61.7,71,98,5.61,PT,overcast clouds
274,Saint-Michel-Des-Saints,46.6834,-73.9159,59.94,88,84,11.83,CA,broken clouds
275,Jibuti,11.5,42.5,79.93,32,70,7.65,DJ,broken clouds
276,Nagapattinam,10.7667,79.8333,84.27,66,100,14.83,IN,overcast clouds
277,Chokurdakh,70.6333,147.9167,35.51,100,85,7.11,RU,overcast clouds
278,Ossora,59.2353,163.0719,38.86,86,99,7.09,RU,overcast clouds
279,Buenaventura,3.8801,-77.0312,75.06,92,100,2.66,CO,overcast clouds
280,Zhezkazgan,47.8043,67.7144,57.18,51,0,8.95,KZ,clear sky
281,Muromtsevo,56.3724,75.2418,47.93,66,100,2.37,RU,overcast clouds
282,Djibo,14.1022,-1.6306,89.51,34,31,12.01,BF,scattered clouds
283,Monrovia,6.3005,-10.7969,77.31,88,100,7.47,LR,moderate rain
284,Atagay,55.1033,99.3875,67.41,45,100,3.24,RU,overcast clouds
285,Madison,34.7334,-86.5667,80.4,62,0,5.75,US,clear sky
286,Otradnoye,59.7775,30.8181,41.05,77,83,5.17,RU,broken clouds
287,Abha,18.2164,42.5053,64.65,14,0,0.0,SA,clear sky
288,Iguape,-24.7081,-47.5553,58.12,89,2,4.5,BR,clear sky
289,Ouesso,1.6136,16.0517,70.27,99,100,2.01,CG,light rain
290,Bengkulu,-3.8004,102.2655,82.02,71,74,3.2,ID,broken clouds
291,Dunedin,-45.8742,170.5036,48.79,63,100,23.0,NZ,overcast clouds
292,Piacabucu,-10.4056,-36.4344,76.91,85,100,9.75,BR,overcast clouds
293,Upernavik,72.7868,-56.1549,17.08,97,72,9.15,GL,broken clouds
294,Madridejos,39.4682,-3.532,66.54,46,92,12.68,ES,overcast clouds
295,Tarakan,3.3,117.6333,85.5,74,40,4.61,ID,scattered clouds
296,Khani,41.9563,42.9566,42.37,98,100,0.72,GE,overcast clouds
297,Sarahan,31.5167,77.8,67.46,26,51,2.04,IN,broken clouds
298,Jumla,29.2747,82.1838,63.68,45,1,3.13,NP,clear sky
299,Odesskoye,54.2111,72.9651,58.8,56,95,15.75,RU,overcast clouds
300,Ankang,32.68,109.0172,74.73,56,100,3.09,CN,overcast clouds
301,Mendi,-6.1761,143.6513,66.18,78,82,3.6,PG,broken clouds
302,Barra Patuca,15.8,-84.2833,80.49,85,100,14.63,HN,overcast clouds
303,Port Lincoln,-34.7333,135.8667,60.35,60,0,15.59,AU,clear sky
304,Lingao,19.9103,109.6859,82.11,73,61,5.28,CN,broken clouds
305,Bilma,18.6853,12.9164,87.01,12,59,20.51,NE,broken clouds
306,Kaseda,31.4167,130.3167,62.49,88,100,10.89,JP,overcast clouds
307,Liwale,-9.7667,37.9333,62.74,96,99,3.36,TZ,overcast clouds
308,Lorengau,-2.0226,147.2712,84.04,76,100,9.33,PG,overcast clouds
309,Bilibino,68.0546,166.4372,43.09,76,99,2.66,RU,overcast clouds
310,Qostanay,53.1667,63.5833,57.49,82,40,11.18,KZ,scattered clouds
311,Rocha,-34.4833,-54.3333,46.98,88,82,6.06,UY,broken clouds
312,Tahta,26.7693,31.5021,72.82,56,90,17.38,EG,overcast clouds
313,Coahuayana,18.7333,-103.6833,74.16,82,8,3.56,MX,clear sky
314,Brae,60.3964,-1.353,50.22,92,100,9.13,GB,overcast clouds
315,Ulaangom,49.9811,92.0667,63.43,41,6,5.59,MN,clear sky
316,Pangai,-19.8,-174.35,80.71,69,75,12.66,TO,broken clouds
317,Lamar,33.6668,-95.5836,84.63,58,29,14.2,US,scattered clouds
318,Chalus,36.655,51.4204,56.66,94,100,4.61,IR,light rain
319,Innisfail,-17.5333,146.0333,78.15,73,64,11.32,AU,broken clouds
320,Nioro,13.35,-15.75,76.55,68,20,8.9,GM,few clouds
321,Saint-Joseph,-21.3667,55.6167,68.38,81,17,11.21,RE,light rain
322,Felipe Carrillo Puerto,19.5833,-88.05,80.17,79,6,7.07,MX,clear sky
323,Thongwa,16.7619,96.5278,80.76,87,100,15.5,MM,light rain
324,Hargeysa,9.56,44.065,70.29,64,100,16.82,SO,overcast clouds
325,Cilegon,-6.0174,106.0538,82.13,74,100,4.34,ID,overcast clouds
326,Sitka,57.0531,-135.33,59.58,53,22,3.2,US,few clouds
327,Nome,64.5011,-165.4064,66.16,38,100,12.08,US,overcast clouds
328,Kudahuvadhoo,2.6708,72.8944,83.64,74,42,10.92,MV,scattered clouds
329,Wainwright,52.839,-110.8572,42.1,50,100,8.81,CA,overcast clouds
330,Gaogou,34.0175,119.1886,81.05,42,0,6.02,CN,clear sky
331,Labuhan,-6.8844,112.2051,79.2,81,100,2.13,ID,light rain
332,Grand Gaube,-20.0064,57.6608,75.38,74,51,5.99,MU,broken clouds
333,Portland,45.5234,-122.6762,61.63,59,75,4.0,US,broken clouds
334,Isagarh,24.8333,77.8833,91.04,26,26,20.65,IN,scattered clouds
335,Geraldton,-28.7667,114.6,64.81,82,0,8.05,AU,clear sky
336,Ozernovskiy,51.5,156.5167,48.81,65,100,14.9,RU,overcast clouds
337,Seoul,37.5683,126.9778,72.79,58,40,8.05,KR,scattered clouds
338,Sept-Iles,50.2001,-66.3821,48.06,77,100,7.45,CA,overcast clouds
339,Praia Da Vitoria,38.7333,-27.0667,63.75,97,100,7.54,PT,overcast clouds
340,Clyde River,70.4692,-68.5914,21.43,93,100,6.91,CA,overcast clouds
341,Ancud,-41.8697,-73.8203,51.98,90,100,12.93,CL,light rain
342,Jevargi,17.0167,76.7667,78.64,68,81,13.69,IN,broken clouds
343,Roald,62.5833,6.1333,52.9,100,100,4.61,NO,mist
344,Hualmay,-11.0964,-77.6139,64.56,90,60,8.61,PE,broken clouds
345,Sikonge,-5.6333,32.7667,61.09,77,100,2.06,TZ,overcast clouds
346,Naze,28.3667,129.4833,69.01,90,100,21.32,JP,overcast clouds
347,Avera,33.194,-82.5271,80.11,52,97,3.53,US,overcast clouds
348,Katherine,-14.4667,132.2667,88.12,37,0,17.27,AU,clear sky
349,Adrar,20.5022,-10.0711,86.29,9,100,8.84,MR,overcast clouds
350,Maarianhamina,60.0973,19.9348,33.66,93,0,4.61,AX,clear sky
351,Bathsheba,13.2167,-59.5167,80.53,67,92,19.08,BB,overcast clouds
352,Raga,8.4596,25.678,75.22,71,100,6.06,SS,overcast clouds
353,Thompson,55.7435,-97.8558,36.48,72,100,10.18,CA,overcast clouds
354,Nizhniy Odes,63.6445,54.856,31.6,78,99,9.82,RU,overcast clouds
355,Poronaysk,49.2167,143.1167,40.53,88,100,10.45,RU,overcast clouds
356,Taoudenni,22.6783,-3.9836,93.49,8,18,12.86,ML,few clouds
357,Bamiantong,44.9333,130.5333,72.88,43,52,10.71,CN,broken clouds
358,Sao Filipe,14.8961,-24.4956,73.4,73,97,8.95,CV,overcast clouds
359,Nhulunbuy,-12.2333,136.7667,88.41,58,40,16.11,AU,scattered clouds
360,Kruisfontein,-34.0033,24.7314,53.89,88,79,7.25,ZA,light rain
361,Atar,20.5169,-13.0499,83.79,23,69,6.22,MR,broken clouds
362,Ferndale,42.4606,-83.1347,81.99,59,100,4.0,US,overcast clouds
363,Cherskiy,68.75,161.3,57.74,37,12,13.49,RU,few clouds
364,Yumen,40.2833,97.2,73.13,22,0,17.81,CN,clear sky
365,Cockburn Town,21.4612,-71.1419,80.06,86,91,17.96,TC,overcast clouds
366,Carmen Del Parana,-27.2333,-56.2167,47.84,90,0,4.63,PY,clear sky
367,Georgetown,5.4112,100.3354,87.73,82,20,3.44,MY,few clouds
368,Puerto Carreno,6.189,-67.4859,79.09,71,2,5.39,CO,clear sky
369,Misratah,32.3754,15.0925,63.32,61,0,0.74,LY,clear sky
370,Gorgan,36.8387,54.4348,62.11,88,100,9.1,IR,light rain
371,Muswellbrook,-32.2667,150.9,59.27,80,98,8.59,AU,overcast clouds
372,Orlik,52.5178,99.825,47.57,89,100,7.58,RU,moderate rain
373,Maumere,-8.6199,122.2111,84.4,63,68,2.75,ID,broken clouds
374,Polis,35.0367,32.4264,64.29,50,0,6.46,CY,clear sky
375,Piterka,50.6803,47.4454,39.07,78,0,11.92,RU,clear sky
376,Staryy Nadym,65.6118,72.6842,37.63,94,100,13.22,RU,light rain
377,Morogoro,-6.8167,37.6667,66.85,93,100,3.02,TZ,overcast clouds
378,Boras,57.721,12.9401,49.1,89,100,5.88,SE,moderate rain
379,Gushikawa,26.3544,127.8686,76.62,83,62,17.36,JP,broken clouds
380,Klyuchi,52.2667,79.1667,71.62,35,14,9.37,RU,few clouds
381,Tual,-5.6667,132.75,84.31,70,77,20.38,ID,broken clouds
382,Laguna,38.421,-121.4238,81.28,14,20,5.01,US,few clouds
383,Bozeman,45.6796,-111.0386,44.2,59,64,8.01,US,broken clouds
384,Buala,-8.145,159.5921,82.94,73,73,7.02,SB,light rain
385,Romanovka,51.7443,42.7527,36.54,79,7,4.97,RU,clear sky
386,Athabasca,54.7169,-113.2854,45.5,47,100,6.87,CA,overcast clouds
387,Yeppoon,-23.1333,150.7333,64.18,93,100,17.85,AU,light rain
388,Neyshabur,36.2133,58.7958,70.3,25,9,4.41,IR,clear sky
389,Rio Grande,-32.035,-52.0986,52.9,79,9,6.58,BR,clear sky
390,Gidam,18.9833,81.4,85.57,63,99,5.93,IN,overcast clouds
391,Wajima,37.4,136.9,66.49,62,100,3.33,JP,overcast clouds
392,Esso,55.9333,158.7,37.76,100,100,5.37,RU,overcast clouds
393,Mahebourg,-20.4081,57.7,75.25,76,31,17.85,MU,light rain
394,Waipawa,-41.4122,175.5153,55.67,62,2,12.06,NZ,clear sky
395,Springbok,-29.6643,17.8865,38.89,97,12,4.47,ZA,few clouds
396,Vallenar,-28.5708,-70.7581,62.04,40,46,2.13,CL,scattered clouds
397,Bonthe,7.5264,-12.505,78.48,86,100,8.37,SL,overcast clouds
398,Port Hardy,50.6996,-127.4199,52.39,73,0,11.07,CA,clear sky
399,Rabo De Peixe,37.8,-25.5833,65.28,87,20,4.61,PT,few clouds
400,Lensk,60.7253,114.9278,55.98,61,100,3.15,RU,overcast clouds
401,Porto Alegre,-30.0331,-51.23,52.99,91,0,2.3,BR,clear sky
402,Road Town,18.4167,-64.6167,80.64,78,40,9.22,VG,scattered clouds
403,Okhotsk,59.3833,143.3,38.19,78,99,6.76,RU,overcast clouds
404,Daru,-9.0763,143.2092,83.75,70,38,11.12,PG,scattered clouds
405,Bambous Virieux,-20.3428,57.7575,75.22,75,42,18.03,MU,light rain
406,Nichinan,31.6,131.3667,64.08,94,100,17.63,JP,light rain
407,Coihaique,-45.5752,-72.0662,48.15,57,20,8.05,CL,few clouds
408,Aden,12.7794,45.0367,88.12,46,61,4.56,YE,broken clouds
409,Namibe,-15.1961,12.1522,65.34,66,43,2.93,AO,scattered clouds
410,Buin,-33.7333,-70.75,57.74,71,0,3.4,CL,clear sky
411,Mastic Beach,40.7668,-72.8521,65.98,96,100,9.22,US,mist
412,Donskoye,45.4552,41.9741,55.53,80,95,16.26,RU,overcast clouds
413,Arlit,18.7369,7.3853,85.48,26,6,7.94,NE,clear sky
414,Erice,38.037,12.5865,50.47,70,19,4.25,IT,few clouds
415,Vanimo,-2.6741,141.3028,85.77,66,47,7.14,PG,scattered clouds
416,Cedar City,37.6775,-113.0619,47.39,22,0,13.02,US,clear sky
417,Mwanza,-2.5167,32.9,69.76,59,100,7.65,TZ,overcast clouds
418,Ilulissat,69.2167,-51.1,29.03,81,100,4.94,GL,overcast clouds
419,Lasa,46.6166,10.7002,58.37,82,83,4.14,IT,broken clouds
420,Maniitsoq,65.4167,-52.9,35.89,70,100,4.9,GL,overcast clouds
421,Mvuma,-19.2792,30.5283,53.55,77,0,5.39,ZW,clear sky
422,Kashan,33.9831,51.4364,78.8,18,63,2.57,IR,broken clouds
423,Deception Bay,-27.2,153.0333,64.27,94,100,12.64,AU,moderate rain
424,Belaya Gora,68.5333,146.4167,51.67,53,100,7.56,RU,overcast clouds
425,Komsomolskiy,40.4272,71.7189,65.12,68,47,2.3,UZ,scattered clouds
426,Tarko-Sale,64.9225,77.785,45.9,66,26,11.36,RU,scattered clouds
427,Saldanha,-33.0117,17.9442,57.67,76,12,10.27,ZA,few clouds
428,Partizanskoye,55.5006,94.39,67.05,39,35,14.81,RU,scattered clouds
429,San Cristobal,7.7669,-72.225,65.32,88,14,2.53,VE,few clouds
430,San Luis,-33.295,-66.3356,49.55,49,98,1.81,AR,overcast clouds
431,Eyl,7.9803,49.8164,80.62,71,81,15.41,SO,broken clouds
432,Mantua,45.1667,10.7833,66.09,80,71,1.99,IT,broken clouds
433,Linjiang,41.8069,126.9078,74.01,45,92,6.89,CN,overcast clouds
434,Sergeyevka,53.88,67.4158,59.29,67,100,11.72,KZ,overcast clouds
435,Matara,5.9485,80.5353,79.56,88,69,9.53,LK,broken clouds
436,Itaqui,-29.1253,-56.5531,49.05,87,0,6.42,BR,clear sky
437,Ballina,-28.8667,153.5667,62.78,81,100,14.09,AU,light rain
438,Griffith,41.5284,-87.4237,65.89,82,100,10.36,US,light rain
439,Kibala,9.1104,18.3463,76.37,76,100,4.52,TD,overcast clouds
440,Octeville,49.6261,-1.6435,54.09,94,75,11.5,FR,broken clouds
441,Rabak,13.1809,32.74,84.49,48,10,10.13,SD,clear sky
442,Saint-Augustin,51.226,-58.6502,51.03,59,81,9.33,CA,broken clouds
443,Piney Green,34.716,-77.3202,77.02,84,16,10.25,US,few clouds
444,Am Timan,11.0297,20.2827,82.72,57,100,6.55,TD,overcast clouds
445,Tucuman,-26.8241,-65.2226,54.72,73,30,3.53,AR,scattered clouds
446,Cidreira,-30.1811,-50.2056,53.73,84,4,5.35,BR,clear sky
447,Acari,-15.4311,-74.6158,67.75,76,76,3.49,PE,broken clouds
448,Bismarck,46.8083,-100.7837,40.86,74,40,13.8,US,scattered clouds
449,Bone,51.9669,12.1396,57.81,79,79,16.71,DE,broken clouds
450,Cascais,38.6979,-9.4215,76.35,65,86,1.99,PT,overcast clouds
451,Ponta Delgada,37.7333,-25.6667,66.51,82,20,4.61,PT,few clouds
452,Richards Bay,-28.783,32.0377,66.81,88,98,9.95,ZA,light rain
453,Ishim,56.1128,69.4902,45.16,90,100,8.81,RU,light rain
454,Hofn,64.2539,-15.2082,47.53,95,100,9.75,IS,overcast clouds
455,Tacuarembo,-31.7333,-55.9833,45.55,88,0,4.88,UY,clear sky
456,Prince Rupert,54.3161,-130.3201,46.49,93,100,6.91,CA,fog
457,Siguiri,11.6667,-9.5,81.36,63,58,6.64,GN,broken clouds
458,Kaduy,59.2,37.15,32.23,74,89,3.13,RU,overcast clouds
459,Helena,46.5927,-112.0361,43.81,65,80,4.0,US,broken clouds
460,Okakarara,-20.5833,17.4333,35.78,39,0,5.14,NA,clear sky
461,Lethem,3.3803,-59.7968,75.67,83,84,6.91,GY,broken clouds
462,Methoni,36.8197,21.7049,63.21,48,0,4.65,GR,clear sky
463,Conceicao Da Barra,-18.5933,-39.7322,65.44,79,0,5.08,BR,clear sky
464,Port Augusta,-32.5,137.7667,64.27,41,0,7.83,AU,clear sky
465,Gorom-Gorom,14.4439,-0.2361,90.1,33,81,6.91,BF,broken clouds
466,Beysehir,37.6773,31.7246,46.49,55,0,4.56,TR,clear sky
467,Nacala,-14.5428,40.6728,68.83,93,85,4.18,MZ,overcast clouds
468,Flinders,-34.5833,150.8552,65.17,70,86,5.01,AU,light rain
469,Butembo,0.15,29.2833,57.69,95,100,2.59,CD,overcast clouds
470,College,64.8569,-147.8028,74.59,30,10,4.0,US,clear sky
471,Berlevag,70.8578,29.0864,39.15,65,100,18.41,NO,overcast clouds
472,Maldonado,-34.6667,-54.9167,54.23,88,94,6.85,UY,overcast clouds
473,Remontnoye,46.5614,43.6501,50.99,91,100,10.42,RU,overcast clouds
474,Sanjwal,33.7608,72.4336,80.82,30,0,5.46,PK,clear sky
475,Santa Catarina De Tepehuanes,25.35,-105.7333,63.52,31,0,12.77,MX,clear sky
476,Samarai,-10.6167,150.6667,83.19,72,24,8.39,PG,few clouds
477,Imeni Poliny Osipenko,52.4201,136.4853,46.83,83,100,8.57,RU,overcast clouds
478,Itarema,-2.9248,-39.9167,76.57,86,65,4.56,BR,broken clouds
479,Songjianghe,42.1859,127.479,71.33,39,62,9.4,CN,broken clouds
480,Soc Trang,9.6033,105.98,86.83,66,85,9.31,VN,overcast clouds
481,Qasigiannguit,68.8193,-51.1922,27.28,83,100,4.59,GL,overcast clouds
482,Lata,40.1629,-8.3327,76.48,37,100,6.53,PT,overcast clouds
483,Lokosovo,61.1333,74.8167,41.25,73,85,15.86,RU,overcast clouds
484,Viedma,-40.8135,-62.9967,54.73,41,0,13.91,AR,clear sky
485,Sao Joao Da Barra,-21.6403,-41.0511,63.73,82,0,9.6,BR,clear sky
486,Nago,26.5881,127.9761,77.45,81,65,16.33,JP,broken clouds
487,Hay River,60.8156,-115.7999,50.95,32,55,2.95,CA,broken clouds
488,Berbera,10.4396,45.0143,85.03,66,100,2.91,SO,overcast clouds
489,Mokhsogollokh,61.4681,128.9203,52.7,50,64,5.91,RU,light rain
490,Alexandria,31.2156,29.9553,66.63,77,0,14.83,EG,clear sky
491,Ukiah,39.1502,-123.2078,77.85,33,63,6.78,US,broken clouds
492,Pa Sang,18.5262,98.9394,80.19,95,100,0.47,TH,moderate rain
493,Ambilobe,-13.2,49.05,68.32,82,31,3.65,MG,scattered clouds
494,Newport,51.5877,-2.9984,56.44,83,100,13.13,GB,overcast clouds
495,Huarmey,-10.0681,-78.1522,65.93,88,36,7.07,PE,scattered clouds
496,Ulladulla,-35.35,150.4667,62.76,56,87,8.93,AU,overcast clouds
497,Paita,-5.0892,-81.1144,67.14,79,50,11.86,PE,scattered clouds
498,Khorixas,-20.3667,14.9667,44.1,43,0,2.62,NA,clear sky
499,Copiapo,-27.3667,-70.3333,53.29,49,43,2.42,CL,scattered clouds
500,Brovst,57.0956,9.528,51.73,87,75,9.22,DK,light rain
501,Qaqortoq,60.7167,-46.0333,37.67,81,9,2.75,GL,clear sky
502,Horta,38.5333,-28.6333,63.43,97,100,9.42,PT,light rain
503,Kedrovyy,56.1667,91.8167,63.01,43,100,12.33,RU,overcast clouds
504,Paoua,7.2427,16.4406,70.27,93,100,5.61,CF,overcast clouds
505,Dwarka,22.2394,68.9678,82.65,77,2,20.2,IN,clear sky
506,Poso,-1.3959,120.7524,81.41,83,98,1.3,ID,overcast clouds
507,Sabaudia,41.3003,13.0282,66.2,70,10,8.05,IT,clear sky
508,Henties Bay,-22.116,14.2845,54.7,73,0,11.01,NA,clear sky
509,Moberly,39.4184,-92.4382,62.58,71,100,10.36,US,overcast clouds
510,Mach,29.8637,67.3298,77.04,15,0,10.96,PK,clear sky
511,Tlacotepec,20.0667,-97.8667,73.17,56,7,4.45,MX,clear sky
512,Anadyr,64.75,177.4833,37.0,87,54,5.99,RU,broken clouds
513,Loyga,61.0784,44.6075,30.13,85,14,6.51,RU,few clouds
514,Nalut,30.3333,10.85,63.88,48,0,17.47,LY,clear sky
515,Santa Cruz,-17.8,-63.1667,57.78,66,37,6.02,BO,scattered clouds
516,Rawson,-43.3002,-65.1023,58.35,48,1,23.44,AR,clear sky
517,Calama,-22.4667,-68.9333,51.69,24,27,5.82,CL,scattered clouds
518,Tra Vinh,9.9347,106.3453,86.31,69,91,8.08,VN,overcast clouds
519,Batagay,67.6333,134.6333,46.45,52,16,3.31,RU,few clouds
520,Comodoro Rivadavia,-45.8667,-67.5,54.9,49,13,40.4,AR,few clouds
521,Camabatela,-8.1881,15.375,59.25,98,3,1.95,AO,clear sky
522,Prainha,-1.8,-53.48,71.64,95,100,0.98,BR,overcast clouds
523,Santa Vitoria Do Palmar,-33.5189,-53.3681,49.37,85,17,6.22,BR,few clouds
524,Port Hedland,-20.3167,118.5667,86.05,54,75,9.22,AU,broken clouds
525,Bethanien,-26.502,17.1583,38.07,64,0,5.91,NA,clear sky
526,Yerbogachen,61.2767,108.0108,48.88,85,100,1.25,RU,overcast clouds
527,Chimay,50.0486,4.3171,50.49,94,14,8.37,BE,few clouds
528,Ailigandi,9.2333,-78.0167,76.87,88,100,4.74,PA,overcast clouds
529,Cayenne,4.9333,-52.3333,75.09,1,0,0.0,GF,clear sky
530,Dhilwan,31.5169,75.35,94.5,15,33,6.62,IN,scattered clouds
531,Feldkirchen,48.148,11.7434,64.63,88,100,7.0,DE,light rain
532,Moose Factory,51.2585,-80.6094,53.58,82,75,16.11,CA,broken clouds
533,Mianwali,32.5741,71.5264,87.78,24,55,8.28,PK,broken clouds
534,Warrington,53.3925,-2.5802,55.51,81,20,17.27,GB,few clouds
535,Pafos,34.7667,32.4167,64.24,72,0,5.75,CY,clear sky
536,Phuket,8.0,98.25,89.13,78,40,10.36,TH,moderate rain
537,Charters Towers,-20.1,146.2667,72.39,68,98,12.03,AU,overcast clouds
538,Beloretsk,53.9631,58.3981,34.9,99,100,8.43,RU,snow
539,Sungaipenuh,-2.0833,101.3833,74.26,69,91,0.49,ID,light rain
540,Evensk,61.95,159.2333,45.79,65,82,15.23,RU,broken clouds
541,Verkhnyaya Inta,65.9811,60.3094,31.51,75,100,11.83,RU,overcast clouds
542,Fare,-16.7,-151.0167,79.63,72,23,6.89,PF,light rain
543,Los Llanos De Aridane,28.6585,-17.9182,64.15,86,0,8.05,ES,clear sky
544,Bonfim,3.0833,-59.95,76.84,81,88,3.71,BR,light rain
545,Salym,60.0625,71.4789,40.39,81,87,11.79,RU,overcast clouds
546,Kawalu,-7.3817,108.2082,77.54,83,100,0.65,ID,overcast clouds
547,Kulhudhuffushi,6.6221,73.07,83.3,77,46,15.32,MV,scattered clouds
548,Constitucion,-35.3333,-72.4167,51.51,85,3,7.96,CL,clear sky
549,Arona,28.0996,-16.681,63.12,77,75,11.5,ES,broken clouds
550,Krasnomayskiy,57.6194,34.4099,35.71,78,100,4.52,RU,overcast clouds
551,Tessalit,20.1986,1.0114,87.31,16,54,1.54,ML,broken clouds
552,Porbandar,21.6422,69.6093,82.89,75,8,17.07,IN,clear sky
553,Saint-Alexandre,44.2278,4.6214,60.3,75,92,2.62,FR,overcast clouds
554,Sire,12.9299,5.2043,85.86,32,53,1.86,NG,broken clouds
555,Sorland,67.667,12.6934,44.46,97,100,7.18,NO,overcast clouds
556,Gold Coast,-28.0,153.4333,66.24,96,75,5.75,AU,light rain
557,Paka,4.6374,103.4368,83.89,74,99,5.14,MY,overcast clouds
558,Kroya,-7.6331,109.2461,77.59,88,100,2.55,ID,overcast clouds
559,Torbay,47.6666,-52.7314,42.76,83,21,1.01,CA,few clouds
560,Fallon,39.4735,-118.7774,61.92,16,0,10.22,US,clear sky
561,Perth,-31.9333,115.8333,72.66,62,0,11.5,AU,clear sky
562,Marawi,7.9986,124.2928,72.28,93,100,1.86,PH,overcast clouds
563,Ranau,5.9538,116.6641,77.13,81,77,0.89,MY,broken clouds
564,Sao Jose Da Coroa Grande,-8.8978,-35.1478,75.06,92,82,6.8,BR,broken clouds
565,Powell River,49.8496,-124.5361,65.03,52,3,1.01,CA,clear sky
566,Ayr,55.4627,-4.6339,51.78,87,75,13.8,GB,broken clouds
567,Baykit,61.67,96.37,59.43,57,99,5.01,RU,overcast clouds
568,Machiques,10.0644,-72.545,75.52,80,1,5.82,VE,clear sky
569,San Juan Del Sur,11.2529,-85.8705,77.9,84,99,4.05,NI,overcast clouds
570,Mahibadhoo,3.7833,72.9667,83.41,75,59,12.53,MV,broken clouds
571,Akodia,23.3833,76.6,86.02,44,0,20.89,IN,clear sky
572,Pangnirtung,66.1451,-65.7125,27.99,92,100,2.82,CA,overcast clouds
573,Jamame,0.0722,42.7506,77.95,81,19,9.98,SO,few clouds
574,Inhambane,-23.865,35.3833,74.35,89,99,13.29,MZ,overcast clouds
575,Neryungri,56.6709,124.6491,44.65,77,91,7.83,RU,light rain
576,Mabaruma,8.2,-59.7833,74.82,82,31,4.38,GY,scattered clouds
577,Olafsvik,64.8945,-23.7142,46.4,90,100,9.01,IS,overcast clouds
578,Shingu,33.7333,135.9833,60.87,93,100,9.8,JP,light rain
579,Karnal,29.6833,76.9833,93.33,18,69,13.76,IN,broken clouds
580,Beloha,-25.1667,45.05,66.15,46,95,2.82,MG,overcast clouds
581,Te Anau,-45.4167,167.7167,45.55,79,98,5.99,NZ,overcast clouds
582,Valle De Guadalupe,21.0,-102.6167,77.25,15,22,11.74,MX,few clouds
583,Kerava,60.4034,25.105,40.82,69,0,9.22,FI,clear sky
584,Benguela,-12.5763,13.4055,68.79,79,9,2.55,AO,clear sky
585,Dotnuva,55.35,23.9,52.02,97,93,3.83,LT,overcast clouds
586,Bayanday,53.0661,105.5139,65.97,64,91,6.76,RU,overcast clouds
587,Sananduva,-27.9497,-51.8067,42.84,88,0,2.15,BR,clear sky
588,Jacareacanga,-6.2222,-57.7528,70.09,77,0,0.6,BR,clear sky
589,Mangrol,21.1167,70.1167,83.26,74,10,14.94,IN,clear sky
590,Jinzhou,41.1078,121.1417,85.03,25,63,1.77,CN,broken clouds
591,Gardez,33.5974,69.2259,56.03,47,0,4.59,AF,clear sky
592,Meadow Lake,34.8014,-106.5436,79.79,9,1,18.45,US,clear sky
593,Aswan,24.0934,32.907,81.61,22,0,14.52,EG,clear sky
594,Kalmunai,7.4167,81.8167,82.26,71,22,8.25,LK,few clouds
595,Bang Saphan,11.2126,99.5117,81.05,87,100,8.95,TH,light rain
596,Cabedelo,-6.9811,-34.8339,77.59,83,94,8.28,BR,moderate rain
597,Nyiracsad,47.6033,21.9721,60.31,64,30,11.32,HU,scattered clouds
598,Watertown,42.3709,-71.1828,65.01,81,81,7.0,US,broken clouds
599,Temanggung,-7.3162,110.1755,73.8,86,99,1.99,ID,overcast clouds
600,Gelibolu,40.4103,26.6708,56.12,61,0,7.83,TR,clear sky
601,Serenje,-13.2325,30.2352,56.48,89,75,2.3,ZM,broken clouds
602,Carutapera,-1.195,-46.02,72.88,95,100,4.29,BR,overcast clouds
603,Palora,-1.7,-77.9333,65.03,97,88,1.7,EC,overcast clouds
604,Tilichiki,60.4667,166.1,38.26,89,100,4.12,RU,overcast clouds
605,Nizwa,22.9333,57.5333,84.52,25,25,0.89,OM,scattered clouds
606,Zacler,50.6633,15.9106,61.38,95,80,8.37,CZ,broken clouds
607,Luau,-10.7073,22.2247,61.05,55,61,3.24,AO,broken clouds
608,Majene,-3.5403,118.9707,83.55,71,83,10.22,ID,broken clouds
609,Kamaishi,39.2667,141.8833,67.87,56,100,7.87,JP,moderate rain
610,Reconquista,-29.15,-59.65,49.71,86,0,6.71,AR,clear sky
611,Besikduzu,41.052,39.2284,55.29,59,0,6.69,TR,clear sky
612,Zabid,14.1951,43.3152,81.79,55,12,0.83,YE,few clouds
613,Teguldet,57.3064,88.1667,58.91,61,54,13.06,RU,broken clouds
614,Gazli,40.1333,63.45,77.83,18,0,4.9,UZ,clear sky
615,Lincoln,40.8,-96.667,62.29,43,67,5.01,US,broken clouds
616,Jatai,-17.8814,-51.7144,48.76,66,0,2.26,BR,clear sky
617,Ola,59.5833,151.2833,41.14,96,100,16.26,RU,light rain
618,Opuwo,-18.0607,13.84,48.67,37,0,2.04,NA,clear sky
619,Marzuq,14.4,46.4667,73.2,23,42,3.31,YE,scattered clouds
620,Varna,43.2167,27.9167,59.43,100,99,0.0,BG,overcast clouds
621,Guatire,10.4762,-66.5427,71.69,97,45,3.36,VE,scattered clouds
622,Marmaris,36.855,28.2742,64.11,63,3,4.14,TR,clear sky
623,Biggar,55.6167,-3.5167,49.3,90,100,13.73,GB,light rain
624,Minot,48.2325,-101.2963,36.81,93,100,16.11,US,mist
625,Palmas,-10.2128,-48.3603,67.26,58,100,0.76,BR,overcast clouds
626,Port Moresby,-9.4431,147.1797,85.12,65,20,8.01,PG,few clouds
627,Bjornevatn,69.6672,29.9847,37.02,87,100,14.97,NO,overcast clouds
628,Obo,5.3998,26.4869,68.88,99,100,6.13,CF,light rain
629,Ostrovnoy,68.0531,39.5131,32.29,66,99,6.55,RU,overcast clouds
630,Hambantota,6.1241,81.1185,79.14,100,20,5.75,LK,few clouds
631,Santa Luzia,-19.7697,-43.8514,49.89,77,0,3.91,BR,clear sky
632,Karabanovo,56.3167,38.7,33.44,84,22,2.62,RU,few clouds
633,Hovd,48.0056,91.6419,60.94,40,1,5.23,MN,clear sky
634,Ahipara,-35.1667,173.1667,61.84,64,100,14.94,NZ,overcast clouds
635,Pierre,44.3683,-100.351,46.85,60,98,8.01,US,overcast clouds
636,Malanje,-9.5402,16.341,59.74,95,1,3.4,AO,clear sky
637,Chara,56.9064,118.2631,44.35,84,100,3.47,RU,overcast clouds
638,Lazaro Cardenas,17.9583,-102.2,77.32,73,1,8.3,MX,clear sky
639,Meridian,43.6121,-116.3915,62.91,31,52,4.47,US,broken clouds
640,Shihezi,44.3,86.0333,79.77,24,59,14.52,CN,broken clouds
641,Mosquera,4.7059,-74.2302,51.53,91,100,3.49,CO,overcast clouds
642,El Sauce,12.8869,-86.539,76.28,86,36,2.01,NI,scattered clouds
643,Pudozh,61.8099,36.5345,33.96,74,97,4.07,RU,overcast clouds
644,Jalu,29.0331,21.5482,63.86,42,0,7.56,LY,clear sky
645,San Francisco De Coray,13.6614,-87.5328,76.8,84,50,0.13,HN,light rain
646,Priargunsk,50.3691,119.1012,66.81,25,18,13.89,RU,few clouds
647,Omurtag,43.1,26.4167,50.34,68,31,4.12,BG,scattered clouds
648,Smidovich,48.6,133.8167,54.57,90,100,6.93,RU,moderate rain
649,Dehloran,32.6941,47.2679,83.32,15,1,7.56,IR,clear sky
650,Dudinka,69.4058,86.1778,43.63,84,95,12.01,RU,overcast clouds
651,Price,39.5994,-110.8107,46.11,37,100,14.61,US,overcast clouds
652,Zarubino,42.63,131.0922,59.68,70,20,5.75,RU,few clouds
653,Caramay,10.1815,119.236,85.6,69,94,5.19,PH,light rain
654,Hervey Bay,-25.2986,152.8535,65.01,96,100,5.01,AU,light rain
655,Esterhazy,50.65,-102.0843,35.49,83,100,11.48,CA,overcast clouds
656,Lianzhou,24.7811,112.3825,74.25,68,98,3.42,CN,overcast clouds
657,Grand-Lahou,5.1367,-5.0242,77.38,90,100,7.07,CI,moderate rain
658,Freetown,8.484,-13.2299,79.25,84,100,7.85,SL,moderate rain
659,Luan,46.3592,6.9759,63.23,74,11,2.55,CH,few clouds
660,Vardo,70.3705,31.1107,37.38,81,100,21.85,NO,overcast clouds
661,Baruun-Urt,46.6806,113.2792,74.5,20,1,6.69,MN,clear sky
662,Hami,42.8,93.45,80.76,23,3,10.67,CN,clear sky
663,Arua,3.0201,30.9111,64.54,91,100,3.27,UG,light rain
664,Dmitriyevka,54.75,55.3333,42.35,93,100,9.19,RU,light rain
665,Pangkalanbuun,-2.6833,111.6167,80.85,79,95,1.99,ID,overcast clouds
666,Ikalamavony,-21.15,46.5833,58.21,87,3,5.23,MG,clear sky
667,Santa Clara,22.4,-79.9667,74.82,87,92,4.21,CU,overcast clouds
668,Miri,4.4148,114.0089,85.28,65,41,6.06,MY,scattered clouds
669,Campbellton,48.0075,-66.6727,50.02,85,100,2.93,CA,overcast clouds
670,Tanout,14.9709,8.8879,82.2,25,78,8.39,NE,broken clouds
671,Ambositra,-20.5167,47.25,55.87,95,99,2.91,MG,overcast clouds
672,Sens,48.1667,3.3333,48.36,91,93,3.33,FR,overcast clouds
673,Porto Torres,40.835,8.3972,59.18,64,50,3.8,IT,scattered clouds
674,Jacmel,18.2342,-72.5347,77.94,85,67,1.68,HT,broken clouds
675,Lubango,-14.9172,13.4925,53.2,26,6,1.97,AO,clear sky
676,Pavilosta,56.8879,21.1859,46.31,94,100,6.53,LV,overcast clouds
677,Bend,44.0582,-121.3153,56.82,38,0,10.36,US,clear sky
678,Dubbo,-32.25,148.6167,66.33,59,75,14.97,AU,broken clouds
679,Babati,-4.2167,35.75,59.61,89,100,1.19,TZ,overcast clouds
680,Pochutla,15.7432,-96.4661,80.82,65,8,7.07,MX,clear sky
681,Petropavlovsk-Kamchatskiy,53.0452,158.6483,39.79,100,100,6.71,RU,overcast clouds
682,Ilula,-7.6766,36.0366,60.31,98,100,5.12,TZ,overcast clouds
683,Puerto Baquerizo Moreno,-0.9,-89.6,71.91,85,1,10.31,EC,clear sky
684,Rovaniemi,66.5,25.7167,44.01,61,0,3.44,FI,clear sky
685,Suzun,53.7841,82.3116,66.79,44,70,3.96,RU,broken clouds
